{
  "PRECISION_CLS": 0.9355185031890869,
  "RECALL_CLS": 0.9359621405601501,
  "RECALL_STITCH": 0.3628436326980591,
  "STITCH_AMD": 37.03850173950195,
  "STITCH_F1": 0.38144204020500183
}