{
  "PRECISION_CLS": 0.9943606853485107,
  "RECALL_CLS": 0.9934746623039246,
  "RECALL_STITCH": 0.8509383201599121,
  "STITCH_AMD": 3.119777202606201,
  "STITCH_F1": 0.858337938785553
}