{
  "PRECISION_CLS": 0.9921190738677979,
  "RECALL_CLS": 0.976783037185669,
  "RECALL_STITCH": 0.7681753635406494,
  "STITCH_AMD": 7.258183479309082,
  "STITCH_F1": 0.7718539237976074,
  "TOPOLOGHY_ACC_PS": 0.9423868060112,
  "TOPOLOGHY_PRECISION_PS": 0.9061467051506042,
  "TOPOLOGHY_RECALL_PS": 0.9960429668426514,
  "TOPOLOGHY_F1_PS": 0.9436967968940735,
  "TOPOLOGHY_GED_PS": 2.3299999237060547,
  "TOPOLOGHY_ACC_ES": 0.9640830755233765,
  "TOPOLOGHY_PRECISION_ES": 0.9809913039207458,
  "TOPOLOGHY_RECALL_ES": 0.9389334917068481,
  "TOPOLOGHY_F1_ES": 0.9557235836982727,
  "TOPOLOGHY_GED_ES": 1.590000033378601
}