{
  "PRECISION_CLS": 0.9808022975921631,
  "RECALL_CLS": 0.9622840285301208,
  "RECALL_STITCH": 0.6427386403083801,
  "STITCH_AMD": 16.911890029907227,
  "STITCH_F1": 0.6576311588287354
}